{
    "silhouette_score": 0.01301412510430628,
    "davies_bouldin_score": 5.709474002953975,
    "calinski_harabasz_score": 2.6176888113267114,
    "inertia": 141.41011444989448,
    "n_clusters": 3
}